titolo,descrizione,immago,clip,tag,categoria,territorio,URL,fontedati,webmap,collaborazione,data,mese,anno,titolo_pm,primamappa
AMAP | AVVISO AGLI UTENTI DELLA CITTÀ DI PALERMO SERVITI DAL SERBATOIO MONTE GRIFONE,"In riferimento alla nota n.001-11759 del 05/08/2021, si ribadisce che:
“fermo restando l’uso non potabile dell’acqua, la stessa non è da ritenersi idonea per l’incorporazione negli alimenti quando l’acqua ne rappresenti l’ingrediente principale (minestre, bevande), soprattutto di quelli destinati a neonati o lattanti, mentre ne è consentito l’utilizzo per il lavaggio di verdura, ortaggi e frutta, per l’igiene personale e della casa”.","<img src=""legend/clip_index/seb_monte_grifone.jpg"" class=""clip_tooltips""  />",,Palermo;Ambiente;SERBATOIO MONTE GRIFONE;Amap;Avviso;,Ambiente,Palermo,http://siciliahub.github.io/palermohub/seb_amap.html,AMAP spa,,@gbvitrano,2021-08-08,agosto - 2021,2021,AMAP | AVVISO AGLI UTENTI DELLA CITTÀ DI PALERMO SERVITI DAL SERBATOIO MONTE GRIFONE,http://u.osmfr.org/m/644846/
Sicilia | Valutazioni Ambientali - Mappa progetti,Sicilia | Valutazioni Ambientali - Mappa progetti,"<img src=""legend/clip_index/valutazioni_ambientali.jpg"" class=""clip_tooltips""  />",,Urbanistica;Palermo;Sicilia;Ambiente;Progetti;Rifiuti;ATTIVITÀ PRODUTTIVE;CAVE;OPERE CIVILI E MARITTIME;VAS;VINCA;,Ambiente,Sicilia,http://siciliahub.github.io/palermohub/valutazioni_ambientali.html,Assessorato Regionale del Territorio e dell'Ambiente,,@gbvitrano,2021-08-07,agosto - 2021,2021,Portale Valutazioni Ambientali - Mappa progetti,https://si-vvi.regione.sicilia.it/map/viavas-oggetti.html
DPC-Aggregati-Strutturali-ITG | Palermo,"La Presidenza del Consiglio dei Ministri – Dipartimento della Protezione Civile ha pubblicato su Github il dataset nazionale degli aggregati strutturali, una raccolta dati sugli aggregati edilizi del nostro Paese.","<img src=""legend/clip_index/aggregati_strutturali_pa.jpg"" class=""clip_tooltips""  />",,Urbanistica;aggregati strutturali; poligoni;palermo,Strumenti Urbanistici,Palermo,http://siciliahub.github.io/palermohub/aggregati_strutturali_pa.html,Presidenza del Consiglio dei Ministri - Dipartimento della Protezione Civile,,@totofiandaca;@gbvitrano,2021-05-13,maggio - 2021,2021,PC-Aggregati-Strutturali-ITG | Palermo,https://gbvitrano.carto.com/viz/79dba7bd-bec1-4c74-8937-eb04e52437e5/embed_map
Sicilia - Approdi e Spiagge Blu 2021,"La Sicilia conquista dieci bandiere blu distribuite tra le province di Messina, Agrigento e Ragusa.
Le Bandiere Blu vanno ai Comuni di Alì Terme, Roccalumera, Santa Teresa di Riva, Lipari, Tusa, Menfi, Modica, Ispica, Pozzallo, Ragusa.","<img src=""legend/clip_index/bandiereblu.jpg"" class=""clip_tooltips""  />",,Ambiente;mare;spiagge;approdi;bandiere blu;feee,Ambiente,Sicilia,http://siciliahub.github.io/palermohub/bandiereblu.html,FEE - Italia,,@gbvitrano,2021-05-11,maggio - 2021,2021,Sicilia - Approdi e Spiagge Blu 2021,http://u.osmfr.org/m/609085/
Covid-19 | 2021 - Centri vaccinali in Sicilia,Mappa ed lelenco dei centri vccinali covid-19 in sicilia,"<img src=""https://gbvitrano.github.io/startbootstrap-scrolling-nav-gh-pages/img/sicilia_centri_vaccinali.png"" class=""clip_tooltips""  />",,,Emergenze;Covid-19;Pandemia;Vaccino;Centri vaccinali,Sicilia,https://bl.ocks.org/gbvitrano/raw/c95bf7141e51d2029addfe0b92ae12b0/,OpenDataSicilia,,@aborruso;@totofiandaca;@gbvitrano,2021-04-16,aprile - 2021,2021,Covid-19 | 2021 - Centri vaccinali in Sicilia,https://bl.ocks.org/gbvitrano/raw/c95bf7141e51d2029addfe0b92ae12b0/
COVID-19 | 2021 - Comuni siciliani attualmente in zona rossa,"La Regione Siciliana pubblica le ordinanze per le zone rosse solo tramite PDF (spesso sono fotocopie) e sono raccolte nel sito ufficiale nella sezione SERVIZI INFORMATIVI | ORDINANZE COVID-19.
Per ovviare a questi brutti PDF, Totò Fiandaca ha creato un foglio elettronico dove ha scritto, dopo aver aperto uno ad uno tutte le ordinanze del 2021, i comuni in zona rossa e relativo intervallo temporale, compreso anche di eventuale proroga e link al PDF.","<img src=""legend/clip_index/zonarossa_11042021.png"" class=""clip_tooltips""  />",,covid-19;sicilia;vaccini;zona rossa;zone rosse;;Incidenza cumulativa; indice 250;,Emergenze;Covid-19;Pandemia;Vaccino;Centri vaccinali,Sicilia,https://bl.ocks.org/gbvitrano/raw/664ac98fd51590d48290b70709a4ea48/,OpenDataSicilia,,@aborruso;@totofiandaca;@DennisAngemi;@gbvitrano,2021-04-06,aprile - 2021,2021,COVID-19 e i comuni siciliani in zona rossa anno 2021,http://opendatasicilia.it/2021/04/10/covid-19-e-i-comuni-siciliani-in-zona-rossa-anno-2021/
COVID-19 | 2021 - Incidenza cumulativa settimanale dei contagi,"Incidenza cumulativa settimanale dei contagi, Ricoverati e posti letto in terapia intensiva","<img src=""https://gbvitrano.github.io/startbootstrap-scrolling-nav-gh-pages/img/social_card_ondata.jpeg"" class=""clip_tooltips""  />",,covid-19;sicilia;vaccini;zona rossa;zone rosse;,Emergenze;Covid-19;Pandemia;Vaccino;Centri vaccinali,Italia,https://bl.ocks.org/gbvitrano/raw/9e2d5b6721cd757a290d73f6ba7bc6d6/,ondata.it,,@aborruso,2021-03-05,marzo - 2021,2021,COVID-19 | Incidenza cumulativa settimanale dei contagi,https://bl.ocks.org/aborruso/raw/28374f1d59a5d9880c4c76dc66865cd8/
Geolocalizzazione degli esercizi convenzionati buono pasto cartaceo ed eletronico | Impresa SODEXO | 2021,Sicilia | Convenzione Buoni Pasto 8 Lotto 12 - Impresa SODEXO | 2021,"<img src=""legend/clip_index/buoni_pasto.jpg"" class=""clip_tooltips""  />",,Buoni pasto; Esercizi convenzionati;SODEXO;,Cultura,Sicilia,http://palermohub.opendatasicilia.it/buoni_pasto.html,Comune di Palermo,,@gbvitrano,2021-02-16,febbraio - 2021,2021,Sicilia | Convenzione Buoni Pasto 8 Lotto 12 - Impresa SODEXO | 2021,http://u.osmfr.org/m/563385/
Italia - Mappa news Incendi registrati nel 2021,La mappa delle notizie relative agli Incendi avvenuti nel nostro paese nel 2021,"<img src=""legend/clip_index/news_incendi_2018.jpg"" class=""clip_tooltips""  />",,Incendi;News;EFFIS;Pericolo,Emergenze;Ambiente;Incendi,Italia,http://siciliahub.github.io/palermohub/news_incendi_2021.html,European Forest Fire Information System;EFFIS,,@gbvitrano,2021-01-01,gennaio - 2021,2021,,http://u.osmfr.org/m/546236/
Mappa terremoti in Italia nel 2021 (earthquakes today),Mappa terremoti in Italia nel 2021 - Archivo eventi sismici registarti nel 2019 suddivisi per mese,"<img src=""legend/clip_index/terremoti_2019.jpg"" class=""clip_tooltips"" />",,Terremoti;Terremoto;IGNV;Lista terremto;,,Italia,http://siciliahub.github.io/palermohub/terremoti_2021.html,INGV,,@aborruso;@gbvitrano,2021-01-01,gennaio - 2021,2021,Terremoti in Italia nel 2021 (earthquakes today),http://u.osmfr.org/m/547981/
Cambia-menti 1962,Cambia-menti…#Palermo…Variante Generale PRG 2004 vs PRG 1962,"<img src=""legend/clip_index/cambia-menti2.jpg"" class=""clip_tooltips""  />",,Variante Generale;PRG;PPE;Centro Storico;Palermo;Controllo del territorio;Governo del territorio;Zonizzazione;Pianp Particolareggiato,Strumenti Urbanistici,Palermo,http://siciliahub.github.io/palermohub/cambia-menti2.html,Comune di Palermo,,@gbvitrano,2020-12-27,dicembre - 2020,2020,,
PRG aggionato con i provvedimenti del d.p.r.s. n 110/a del 28/06/1962 e con le successive varianti fino a giugno 1984,Le tavole sono in formato JPG quale frutto di scansione delle tavole cartacee.,"<img src=""legend/clip_index/qu_prg_62.jpg"" class=""clip_tooltips""  />",,Variante Generale;PRG;PPE;Centro Storico;Palermo;Controllo del territorio;Governo del territorio;Zonizzazione;Pianp Particolareggiato,Strumenti Urbanistici,Palermo,http://palermohub.opendatasicilia.it/qu_prg_62.html,Comune di Palermo,,@gbvitrano,2020-12-25,dicembre - 2020,2020,,
Oli vegetali usati punti di raccolta in Sicilia,La mappa dei punti di raccolta è disponibile all'indirizzo https://ecologicaitaliana.com/mappa-raccolte-oli.html ed ulteriori informazioni sono disponibili al numero verde gratuito 800-987719,"<img src=""legend/clip_index/oli_vegetali.jpg"" class=""clip_tooltips"" />",,Olii;Riciclo;Rifiuti,Ambiente,Sicilia,http://siciliahub.github.io/palermohub/oli_vegetali.html,ecologicaitaliana.com,,@aborruso;@cirospat;@gbvitrano,2020-03-04,marzo - 2020,2020,,http://umap.openstreetmap.fr/it/map/oli-vegetali-usati-punti-di-raccolta-in-sicilia_426938
Italia - Mappa news Incendi registrati nel 2020,La mappa delle notizie relative agli Incendi avvenuti nel nostro paese nel 2020,"<img src=""legend/clip_index/news_incendi_2020.jpg"" class=""clip_tooltips""  />",,Incendi;News;EFFIS;Pericolo,Emergenze;Ambiente;Incendi,Italia,http://siciliahub.github.io/palermohub/news_incendi_2020.html,European Forest Fire Information System;EFFIS,,@gbvitrano,2020-01-01,gennaio - 2020,2020,Italia – Mappa news Incendi registrati nel 2020,http://u.osmfr.org/m/403685/
Mappa terremoti in Italia nel 2020 (earthquakes today),Mappa terremoti in Italia nel 2020 - Archivo eventi sismici registarti nel 2019 suddivisi per mese,"<img src=""legend/clip_index/terremoti_2018.jpg"" class=""clip_tooltips"" />",,Terremoti;Terremoto;IGNV;Lista terremto;,Emergenze,Italia,http://siciliahub.github.io/palermohub/terremoti_2020.html,INGV,,@aborruso;@gbvitrano,2020-01-01,gennaio - 2020,2020,Terremoti in Italia nel 2020 (earthquakes today),http://u.osmfr.org/m/403690/
Ufficio Anagrafe e Postazioni decentrate dove vegono rilasciate le carte d'identità elettroniche - CIE,"Palermo, Ufficio Anagrafe, Postazioni decentrate e sede di Circoscrizione. Carta di identità elettronica. Dal primo ottobre, Il costo di rilascio sarà di 22.20 euro di cui 16.8 andranno al Ministero dell’Interno, mentre per ottenere il duplicato in caso di danneggiamento, furto o smarrimento il costo sarà di 27.35 euro....","<img src=""legend/clip_index/cie.jpg"" class=""clip_tooltips""  />",,Palermo;Cie;CIE;Carta di identità elettronica;Ufficio Anagrafe; Postazioni decentrate;Circoscrizioni;,Uffici Comunali,Palermo,http://siciliahub.github.io/palermohub/cie.html,,,@gbvitrano,2019-09-21,settembre - 2019,2019,Ufficio Anagrafe e Postazioni decentrate dove vegono rilasciate le carte d'identità elettroniche,http://u.osmfr.org/m/367156/
"Fontanelle a Palermo, un progetto per scoprire quelle di acqua potabile - Rielaborazione dati OpenDataSicilia.it e Associazione onData.it","Adesso lo sai, Se usi una fontanella, ti prendi cura del mondo,  Non fare piangere una fontanella, USALA!","<img src=""https://opendatasicilia.github.io/FontanellePalermo/mappa/images/social_card_07.jpg"" class=""clip_tooltips"" />",,Palermo;Fontanelle;Fontane;Acqua pubblica;Amap;PlasticFree;PalermoPlasticFree;,Ambiente,Palermo,https://fontanelle.ondata.it/mappa/,AMAP;Comune  di Palermo,,@aborruso;@Emiliodigri;@totofiandaca;@cirospat;@gpirrotta;@gbvitrano,2019-08-26,agosto - 2019,2019,Fontanelle a Palermo,https://fontanelle.ondata.it/
Fontanelle acqua potabile Comune di Palermo - 2019,"Palermo, mappa delle fontane e fontanelle pubbliche di aqcua potabile più vicono casa. Si potrà fare approvvigionamento di acqua potabile e frenare il consumo di plastica. Un piccolo gesto per la difesa dell'ambiente. #PalermoPlasticFree","<img src=""legend/clip_index/fontanelle1_pa.jpg"" class=""clip_tooltips""  />",,Palermo;Fontanelle;Fontane;Acqua pubblica;Amap;PlasticFree;PalermoPlasticFree;,Ambiente,Palermo,http://siciliahub.github.io/palermohub/fontanelle_pa.html,AMAP SPA - Palermo,,@gbvitrano,2019-08-25,agosto - 2019,2019,Le Fontanelle di Palermo - AMAP SPA,https://www.amapspa.it/it/azienda/le-fontanelle-di-palermo/
Sinistri stradali rilevati nel Territorio comunale di Palermo nell'anno 2018 - Rielaborati con Flourish,"Sinistri stradali rilevati nel Territorio comunale di Palermo nell'anno 2018 - Rielaborati con Flourish, la piattaforma più potente per la visualizzazione e la narrazione dei dati","<img src=""legend/clip_index/sinistri_2018_flourish.jpg"" class=""clip_tooltips""  />",,Palermo;Polizia Municipale;Incidenti;Sinistri;Flourish,Mobilità,Palermo,http://siciliahub.github.io/palermohub/sinistri_2018_flourish.html,Comune di Palermo,,@aborruso;@gbvitrano,2019-07-22,luglio - 2019,2019,"Storytelling Sinistri stradali rilevati nel Territorio comunale di Palermo nell'anno 2018 - Rielaborati con Flourish

  
  




  
  


",https://public.flourish.studio/story/65380/
"Sicilia, spiagge accessibili","Strutture balneari che tra percorsi dedicati e servizi necessari per le persone con disabilità motoria (anche temporanea) costituiscono in Sicilia una costellazione di spiagge accessibili in cui il mare è accessibile: da Palermo ad Agrigento, da Trapani a Catania, Siracusa e Pantelleria, il mare di Sicilia è un'esperienza godibile da tutti. (cit)","<img src=""legend/clip_index/sicilia_spiagge_accessibili_02.jpg"" class=""clip_tooltips""  />",,Sicily accessible beaches;Sicilia spiagge accessibili;Sedia Job;Disabili;Vacanze;Mare;Spiagge;Dog club;Dog beach;Spiaggia di Pluto,Cultura,Sicilia,http://siciliahub.github.io/palermohub/sicilia_spiagge_accessibili.html,Sicilia Turismo per Tutti,,@gbvitrano,2019-06-22,giugno - 2019,2019,"Sicilia, spiagge accessibili",http://u.osmfr.org/m/339960/
"Palermo, popolazione residente per cittadinanza, UPL , Quartiere e Circoscrizione - 2018 Mappa a densità di punti","Gli stranieri residenti a Palermo nel 2018  sono 25.735 e rappresentano 130 Nazionalità, oggi sono il 3,83% della popolazione totale (670.954). Chi sono questi stranieri? Da dove vengono? Quanti sono? Dove vivono? Qual'è il rapporto stranieri/italiani nel territorio? ...I cittadini Bangladesi, Singalesi, Ghanesi e Romeni da soli costituiscono più della  metà (57,41%) di tutti gli stranieri residenti a  Palermo.","<img src=""legend/clip_index/stranieri_residenti_subregions_dot.jpg"" class=""clip_tooltips""  />",,Popolazione straniera;Stranieri;Palermo;Circoscrizioni;,Strumenti Urbanistici;Statistica;,Palermo,http://siciliahub.github.io/palermohub/stranieri_residenti_subregions_dot.html,Comune di Palermo,,@aborruso;@totofiandaca;@gbvitrano,2019-06-08,giugno - 2019,2019,,
Residenti Stranieri a Palermo - 2018,Popolazione Residente a Palermo nel 2018. Palermo si contraddistingue tra i comuni siciliani per una maggiore presenza multietnica: gli stranieri residenti sono di 127 differenti nazionalità. Questa specificità è testimoniata tanto dal crogiolo di lingue parlate quanto dalle diverse “culture” presenti.,"<img src=""legend/clip_index/residenti_stranieri_pa.jpg"" class=""clip_tooltips""  />",,Popolazione straniera;Stranieri;Palermo;Circoscrizioni;,Strumenti Urbanistici;Statistica;,Palermo,http://siciliahub.github.io/palermohub/stranieri_residenti_suregions.html,Comune di Palermo,,@aborruso;@totofiandaca;@gbvitrano,2019-05-18,maggio - 2019,2019,,
#FACCIAMOUNPATTO,"Palermo - Piano di pulizia straordinaria - 2019, dal 06 Maggio al 17 Luglio 2019 Piano di pulizia straordinario, 62 giorni lavorativi per la pulizia straordinaria di tutti i quartieri.","<img src=""legend/clip_index/FACCIAMOUNPATTO.jpg"" class=""clip_tooltips""  />",,FACCIAMOUNPATTO;TENIAMOPULITO;Pulizia straordinria;Piano;Decoro Urbano;Ambiente;,Ambiente,Palermo,http://siciliahub.github.io/palermohub/FACCIAMOUNPATTO.html,Comune di Palermo,,@gbvitrano,2019-05-04,maggio - 2019,2019,Palermo - Piano di pulizia straordinaria - 2019,http://u.osmfr.org/m/322422/
Siclia - Parafarmacie 2019,Mappa puntuale delle parafarmacie su tutto il territorio regionale,"<img src=""legend/clip_index/sicilia_parafarmacie.jpg"" class=""clip_tooltips""  />",,Parafarmacie;Framaci da banco;farmaci vendibili senza ricetta,Cultura,Sicilia,http://siciliahub.github.io/palermohub/sicilia_parafarmacie.html,Regione Sicilia,,@gbvitrano,2019-04-26,aprile - 2019,2019,Siclia - Parafarmacie 2019,http://u.osmfr.org/m/319479/
Palermo - Stagione balneare 2019 - Divieti di balneazione,"Divieto di balneazione, dal 1° maggio al 31 ottobre 2019, nei tratti di mare antistanti la costa del territorio di Palermo. L’Ordinanza fa riferimento alle disposizioni contenute nel Decreto n. 421 del 19 marzo scorso dell’Assessorato Regionale della Salute - Dipartimento Attività Sanitarie ed Osservatorio Epidemiologico di valutazione delle acque di mare destinate alla balneazione.","<img src=""legend/clip_index/pa_divieti_balneazione_2019.jpg"" class=""clip_tooltips""  />",,Mare;Spiaggia;Divieti;Balneazione;Estate;,Ambiente,Palermo,http://siciliahub.github.io/palermohub/pa_divieti_balneazione_2019.html,Comune di Palermo,,@gbvitrano,2019-04-19,aprile - 2019,2019,Palermo - Stagione balneare 2019 - Divieti di balneazione,http://u.osmfr.org/m/317227/
Responsabile della transizione al digitale (RTD) - Sicilia,Il Responsabile Transizione Digitale è una figura professionale prevista dall'art. 17 del Codice dell'Amministrazione Digitale,"<img src=""legend/clip_index/RTD.jpg"" class=""clip_tooltips""  />",,RTD;Responsabile transizione digitale;Enti;,Cultura,Sicilia,http://siciliahub.github.io/palermohub/RTD.html,indicepa.gov.it,,@aborruso;@totofiandaca;@cirospat;@gbvitrano,2019-04-03,aprile - 2019,2019,Responsabile transizione digitale - Sicilia,http://u.osmfr.org/m/310910/
A.M.T. Catania - Marzo 2019,Azienda Metropolitana Trasporti (A.M.T.) Catania - Marzo 2019 - NO GTFS,"<img src=""legend/clip_index/amt_catania.jpg"" class=""clip_tooltips""  />",,Bus;Fermate;Catania;Mobilità;AMT,Mobilità,Catania,http://siciliahub.github.io/palermohub/amt_catania.html,AMT - Catania,,@aborruso;@totofiandaca;@gbvitrano,2019-03-29,marzo - 2019,2019,Azienda Metropolitana Trasporti (AMT) Catania - Marzo 2019,http://u.osmfr.org/m/308965/
CCR Centro Comunale di Raccolta - Isola ecologica,Cosa è il CCR Centro Comunale di Raccolta...? E’ un’area presidiata per la raccolta differenziata dei rifiuti urbani e assimilati,"<img src=""legend/clip_index/ccr_isole_ecologiche_02.jpg"" class=""clip_tooltips""  />",,Riciclo;Indumenti;Abbandono;Isola ecologica;Raccolta differenziata;Rifiuti urbani;,Ambiente;Rifiuti;Riciclo,Palermo,http://siciliahub.github.io/palermohub/ccr_isole_ecologiche.html,RAP,,@aborruso;@totofiandaca;@cirospat;@gbvitrano,2019-03-23,marzo - 2019,2019,Palermo - CCR Centro Comunale di Raccolta - Isola ecologica,http://u.osmfr.org/m/307075/
INFC,Inventario Nazionale delle Foreste e dei Serbatoi Forestali di Carbonio (INFC) - Dati quantitativi su popolamento e necromassa,"<img src=""legend/clip_index/concentrazione_alberi.jpg"" class=""clip_tooltips""  />",,Alberi;Boschi;Castagneti;Pino;Sugherete;Igrofili;Abete rosso;Abete bianco;Rovere;Popolamento;Necromassa ,Ambiente,Italia,http://siciliahub.github.io/palermohub/concentrazione_alberi.html,INFC,,@gbvitrano,2019-03-16,marzo - 2019,2019,,
Sinistri stradali rilevati nel Territorio comunale di Palermo nell'anno 2018 - Umap,Incidenti rilevati dalla Polizia Municipale di Palermo - Umap (tot. incidenti 3340),"<img src=""legend/clip_index/sinistri_2018.jpg"" class=""clip_tooltips""  />",,Palermo;Polizia Municipale;Incidenti;Sinistri;,Mobilità,Palermo,http://siciliahub.github.io/palermohub/sinistri_2018.html,Comune di Palermo,,@gbvitrano,2019-03-15,marzo - 2019,2019,Palermo Sinistri stradali 2018,http://u.osmfr.org/m/303740/
Teca Digitale e Bene Comune,"Mappa dei progetti Teca digitale, immagini storiche che il Sistema Bibliotecario Cittadino di Palermo ha reso disponibile online sul social network flickr, tutte pubblicate con una licenza aperta CC BY-SA 4.0 che ne consente il riuso - Rielaborazione dati OpenDataSicilia","<img src=""legend/clip_index/library_02.jpg"" class=""clip_tooltips"" />",,"Foto storiche;Cartoline;Postcard;Palermo;Persone;Hotel;Ristoranti;Caffè;Parco;Piazza;Via;Collezione;Cartografie Storiche;
",Cultura,"Palermo
",http://siciliahub.github.io/palermohub/teca_digitale.html,Comune di Palermo,,@aborruso;@totofiandaca;@cirospat;@gbvitrano,2019-03-12,marzo - 2019,2019,Teca Digitale e Bene Comune,
Biblioteche e bene comune digitale,"Mappa dei progetti Teca digitale, immagini storiche che il Sistema Bibliotecario Cittadino di Palermo ha reso disponibile online sul social network flickr, tutte pubblicate con una licenza aperta CC BY-SA 4.0 che ne consente il riuso - Rielaborazione dati OpenDataSicilia","<img src=""legend/clip_index/teca_digitale.jpg"" class=""clip_tooltips"" />",,"Foto storiche;Cartoline;Postcard;Palermo;Persone;Hotel;Ristoranti;Caffè;Parco;Piazza;Via;Collezione;Cartografie Storiche 
",Cultura,"Palermo
",http://siciliahub.github.io/palermohub/library.html,Comune di Palermo,,@aborruso;@gbvitrano,2019-03-12,marzo - 2019,2019,Biblioteche e bene comune digitale,http://u.osmfr.org/m/301213/
Mappa del pendolarismo da e per Palermo 2011 | flowmap.blue,Mappa dinamica del pendolarismo da e per Palermo – Istat 2011,"<img src=""legend/clip_index/Pendolarismo_flowmap_blue.png"" class=""clip_tooltips"" />",,Mobilità;Pendolarismo;Bus;Mezzo proprio;Lavoro; Studio;ISTAT,Mobilità,Sicilia,https://flowmap.blue/1gDrYiVk4jNhmqkBhFwKOYhBTHfOU_GNsjDUHV5vpuVE,ISTAT,,@gbvitrano,2019-01-25,gennaio - 2019,2019,,https://flowmap.blue/1gDrYiVk4jNhmqkBhFwKOYhBTHfOU_GNsjDUHV5vpuVE
Italia - Mappa news Incendi registrati nel 2019,La mappa delle notizie relative agli Incendi avvenuti nel nostro paese nel 2019. ,"<img src=""legend/clip_index/news_incendi_2019.jpg"" class=""clip_tooltips""  />",,Incendi;News;EFFIS;Pericolo,Emergenze;Ambiente;Incendi,Italia,http://siciliahub.github.io/palermohub/news_incendi_2019.html,European Forest Fire Information System;EFFIS,,@gbvitrano,2019-01-13,gennaio - 2019,2019,Italia – Mappa news Incendi registrati nel 2019,http://u.osmfr.org/m/271485/
Mappa terremoti in Italia nel 2019 (earthquakes today),Mappa terremoti in Italia nel 2019 - Archivo eventi sismici registarti nel 2019 suddivisi per mese,"<img src=""legend/clip_index/terremoti_2019.jpg"" class=""clip_tooltips"" />",,Terremoti;Terremoto;IGNV;Lista terremto;,Emergenze,Italia,http://siciliahub.github.io/palermohub/terremoti_2019.html,INGV,,@aborruso;@gbvitrano,2019-01-01,gennaio - 2019,2019,Terremoti in Italia nel 2019 (earthquakes today),http://u.osmfr.org/m/278617/
Mappa terremoti in Italia nel 2018,Mappa terremoti in Italia nel 2018 - Archivo eventi sismici registarti nel 2018 suddivisi per mese,"<img src=""legend/clip_index/terremoti_2018.jpg"" class=""clip_tooltips"" />",,Terremoti;Terremoto;IGNV;Lista terremto;,Emergenze,Italia,http://siciliahub.github.io/palermohub/terremoti_2018.html,INGV,,@aborruso;@gbvitrano,2018-12-30,dicembre - 2018,2018,Terremoti in Italia nel 2018,http://u.osmfr.org/m/278582/
Stalli riservati all'Ape Calessino,47 stalli riservati all'Ape Calessino per servizio pubblico,"<img src=""legend/clip_index/motocarrozzette.jpg"" class=""clip_tooltips"" />",,Taxi;Ape Calessino;Cultura;Turismo;Mobilità;Motocarrozzette,Mobilità,Palermo,http://siciliahub.github.io/palermohub/motocarrozzette.html,Comune di Palermo,,@cirospat,2018-11-17,novembre - 2018,2018,Spazi riservati alle motocarrozzette per servizio pubblico,http://u.osmfr.org/m/266413/
ARS - Mappa Deputati della XVII Legislatura,Assemblea Regionale Siciliana - ARS - Mappa Deputati della XVII Legislatura distribuiti per collegio di elezione ,"<img src=""legend/clip_index/deputati_ars.jpg"" class=""clip_tooltips"" />",,ARS;Deputati della XVII Legislatura;Sicilia;Colleggio elettorale;,Cultura;ARS,Sicilia,http://siciliahub.github.io/palermohub/deputati_ars.html,Regione Sicilia,,@gpirrotta;@gbvitrano,2018-11-11,novembre - 2018,2018,,
Mappa interattiva segnalazioni RAP ,Mappa interattiva delle segnalazioni alla RAP (Risorse Ambiente Palermo) by OpenDataSicilia - Settembre 2018,"<img src=""legend/clip_index/app_rap.jpg"" class=""clip_tooltips"" />",,Rifiuti;Segnalazioni;RAP;Palermo;Discariche abusive;Tableau;,Ambiente;Rifiuti;Riciclo,Palermo,http://siciliahub.github.io/palermohub/app_rap.html,Applicazione RAP,,@aborruso;@totofiandaca;@gbvitrano,2018-10-14,ottobre - 2018,2018,,
"Targa Florio Classica - Ferrari Tribute, limitazioni alla circolazione veicolare - Palermo","Manifestazione automobilistica ""Targa Florio Classica - Ferrari Tribute ""riservata a vetture storiche valida per il Campionato Italiano grandi Eventi e Ferrari Tribute to Targa Florio riservata ai possessori di vetture Ferrari.","<img src=""legend/clip_index/targa_florio.jpg"" class=""clip_tooltips"" />",,Palermo;Targa Florio;Viabilità;Divieto di circolazione;Divieto di sosta;Limitazioni alla circolazione;,Mobilità,Palermo,http://siciliahub.github.io/palermohub/targa_florio.html,Comune di Palermo,,@gbvitrano,2018-10-05,ottobre - 2018,2018,"Targa Florio Classica - Ferrari Tribute, limitazioni alla circolazione veicolare - Palermo",http://u.osmfr.org/m/253444/
Palermo - Aggiornamento del catasto dei soprassuoli percorsi dal fuoco,Palermo - Aggiornamento del catasto dei soprassuoli percorsi dal fuoco - Incendi anno 2017,"<img src=""legend/clip_index/pa_catasto_fuoco.jpg"" class=""clip_tooltips"" />",,Catasto incendi;Palermo;Incendi;Sicilia;,Emergenze;Ambiente;Incendi,Palermo,http://siciliahub.github.io/palermohub/catasto_terre_bruciate_palermo.html,Comune di Palermo;Copernicus,,@gbvitrano,2018-10-01,ottobre - 2018,2018,Palermo - Aggiornamento del catasto dei soprassuoli percorsi dal fuoco - Incendi anno 2017,http://u.osmfr.org/m/257151/
Localizzazione degli edifici scolastici attivi - Anno Scolastico 2017/18 - Provincia Palermo,"Al via l’operazione trasparenza sui dati dell’Anagrafe dell’edilizia scolastica, da oggi disponibili in chiaro, per singolo istituto scolastico, attraverso il portale del Ministero dell’Istruzione, dell’Università e della Ricerca nella sezione dedicata ai dati e open data.","<img src=""legend/clip_index/anagrafe_scuola.jpg"" class=""clip_tooltips"" />",,Ediliazia Scolastica;MIUR;Scuola;Anagrafe dell’edilizia;,Strumenti Urbanistici,Palermo,http://siciliahub.github.io/palermohub/anagrafe_scuola.html,MIUR,,@gbvitrano,2018-09-29,settembre - 2018,2018,Localizzazione degli edifici scolastici attivi - Anno Scolastico 2017/18 - Provincia Palermo,http://u.osmfr.org/m/252061/
Papa Francesco a Palermo,Viabilità provvisoria in occasione della visita di Papa Francesco a Palermo - Settembre 2018,"<img src=""legend/clip_index/papafrancescopalermo.jpg"" class=""clip_tooltips"" />",,Papa Francesco;Strade chiuse;Diviti di sosta; Diviti di transito;Metropolitana;Tram;Viabilità provvisoria;,Mobilità,Palermo,http://siciliahub.github.io/palermohub/papafrancescopalermo.html,Comune di Palermo,,@totofiandaca;@gbvitrano,2018-09-09,settembre - 2018,2018,Viabilità provvisoria in occasione della visita di Papa Francesco a Palermo - Settembre 2018,http://bit.ly/papafrancescopalermo
"Sicilia - Ponti e viadotti Agosto 2018 - Tableau public
","Mappa intereattiva dei ponti e viadotti siciliani, utilizzando Tableau Public usando i dati di OpenStreetMap (utilizzando overpass-turbo.eu)","<img src=""legend/clip_index/ponti_tableau.jpg"" class=""clip_tooltips"" />",,Infrastrutture;Ponti;Viadotti;Crolli;Monitoraggio Civico;Tableau;,Mobilità,Sicilia,http://siciliahub.github.io/palermohub/ponti_sicilia_centroidi.html,OpenStreetMap,,@gbvitrano;@totofiandaca,2018-08-27,agosto - 2018,2018,Sicilia - Ponti e viadotti Agosto 2018 - Tableau public,http://u.osmfr.org/m/242901/
"Sicilia - Ponti e viadotti Agosto 2018 
",Localizzati 8.703 tratte stradali su ponte o viadotti della Sicilia usando i dati di OpenStreetMap (utilizzando overpass-turbo.eu),"<img src=""legend/clip_index/ponti_viadotti_sicilia_01.jpg"" class=""clip_tooltips"" />",,Infrastrutture;Ponti;Viadotti;Crolli;Monitoraggio Civico;Tableau;,Mobilità,Sicilia,http://siciliahub.github.io/palermohub/ponti_viadotti_sicilia.html,OpenStreetMap,,@gbvitrano,2018-08-24,agosto - 2018,2018,Sicilia - Ponti e viadotti Agosto 2018 (8.703 tratte stradali su ponte o viadotti),"http://u.osmfr.org/m/242667/
"
Sicurezza ponti e cavalcavia - Palermo - Agosto 2018,"Localizzazione dei ponti di Palermo usando i dati di OpenStreetMap (utilizzando overpass-turbo.eu) e mettendoli ove possibile in relazione con i dati della suddetta relazione del comunicato stampa del Comune di Palermo. Purtroppo al momento, in attesa dei dati del catasto ufficiale, è poco più di un elenco.","<img src=""legend/clip_index/sicurezzapontipalermo.jpg"" class=""clip_tooltips"" />",,Infrastrutture;Ponti;Viadotti;Crolli;Monitoraggio;Tableau;,Mobilità,Palermo,http://siciliahub.github.io/palermohub/sicurezzapontipalermo.html,Comune di Palermo;OpenStreetMap,,@gbvitrano,2018-08-24,agosto - 2018,2018,Sicurezza ponti e cavalcavia - Palermo - Agosto 2018,http://u.osmfr.org/m/242667/
Italia – Ponti e viadotti - Agosto 2018,"La mappa è stata realizzata dopo l’ennesimo crollo di un ponte, (Genova, crolla il Ponte Morandi) con i dati estratti da OSM utilizzando overpass-turbo.eu, strumento utilissimo sia per semplicità d’utilizzo che per la possibilità di effettuare estrazioni mirate, ovvero ci permette di filtrare il tipo di dati che ci servono in una determinata area geografica. Si potrebbe utilizzare la mappa come base cartografica per un censimento Nazionale di ponti e viadotti, segnalando con foto o video lo stato di fatto o apparente di ponti e viadotti di strade locali e nazionali del nostro Paese.","<img src=""legend/clip_index/italia_ponti_viadotti.jpg"" class=""clip_tooltips"" />",,Infrastrutture;Ponti;Viadotti;Crolli;Monitoraggio Civico;Tableau;,Mobilità,Italia,http://siciliahub.github.io/palermohub/sicilia_ponti_viadotti.html,OpenStreetMap,,@gbvitrano,2018-08-15,agosto - 2018,2018,Italia – Ponti e viadotti,http://bit.ly/pontieviadotti
Dove sono gli alberi monumentali d'Italia?,"La scoperta di un dataset interessante, indispensabile per fare conoscere un patrimonio di grande valore, probabilmente poco noto.","<img src=""legend/clip_index/alberi_monumentali.jpg"" class=""clip_tooltips"" />",,Alberi;Monumenti;Politiche agrigole;Ministero;Natura;Ecologia;,Ambiente,Italia,http://siciliahub.github.io/palermohub/alberi_monumentali.html,Ministero delle politiche agricole alimentari e forestali,,@aborruso,2018-05-28,maggio - 2018,2018,Dove sono gli alberi monumentali d’Italia? - L’elaborazione di un dataset e una richiesta al ministero,"https://medium.com/tantotanto/dove-sono-gli-alberi-monumentali-ditalia-ffd7d0d6d860
"
Mappa Concessioni Demaniali Marittime,Il dataset continene i dati delle concessioni marittime gestiti dal SID il portale del mare -portale integrato per la pianificazione del demanio e dello spazio marittimo. Le informazioni contengono anche la geolocalizzazione. I dati si riferiscono ad Aprile 2018.,"<img src=""legend/clip_index/Concessioni_Demaniali_Marittime.jpg"" class=""clip_tooltips"" />",,Concessioni Demaniali Marittime,Ambiente,Italia,http://siciliahub.github.io/palermohub/concessioni_demaniali_marittime.html,Ministero delle Infrastrutture e dei Trasporti;dati.mit.gov.it,,@gbvitrano,2018-04-29,aprile - 2018,2018,Mappa Concessioni Demaniali Marittime,http://u.osmfr.org/m/216683/
Mappa dei rischi dei comuni Italiani,Esplora gli indicatori della Mappa dei rischi dei comuni Italiani - Dataset rilsciato dall'ISTAT in 2017,"<img src=""legend/clip_index/Guenter_ixmaps_istat.jpg"" class=""clip_tooltips"" />",,Rischi dei comuni Italiani,Ambiente,Italia,http://exp.ixmaps.com.s3-website-eu-west-1.amazonaws.com/ixmaps/app/ISTAT/index_rischi_explorer_cratere.html,ISTAT,,@grichter,2018-04-19,aprile - 2018,2018,,
Sinistri stradali rilevati nel Territorio comunale di Palermo nell'anno 2017 - Umap,Incidenti rilevati dalla Polizia Municipale di Palermo - Umap (tot. incidenti 3468),"<img src=""legend/clip_index/sinistri_2017.jpg"" class=""clip_tooltips"" />",,Palermo;Polizia Municipale;Incidenti;Sinistri;,Mobilità,Palermo,http://siciliahub.github.io/palermohub/sinistri_2017.html,Comune di Palermo,,@gbvitrano,2018-03-20,marzo - 2018,2018,Palermo Sinistri stradali 2017,http://u.osmfr.org/m/212004/
Elezioni Politiche 2018,Il voto elettorale come non l'avete mai visto,"<img src=""legend/clip_index/elezioni_2018.jpg"" class=""clip_tooltips"" />",,Elezioni Politiche,Politica,Italia,http://exp.ixmaps.com.s3-website-eu-west-1.amazonaws.com/ixmaps/app/Elezioni%202018/index_2018_maps.html,onData.it,,@grichter;@aborruso,2018-03-15,marzo - 2018,2018,,
"Palermo AirBnB - Opendata Gennaio 2018
","Palermo AirBnB - Opendata Gennaio 2018 - Nella mappa sono riportati gli alloggi turistici di Palermo (4.319) affiliati della piattaforma home sharing Inside Airbnb
","<img src=""legend/clip_index/Palermo_AirBnB.jpg"" class=""clip_tooltips"" />",,Palermo;Turismo;AirBnB;Alloggi;Camere;Camere in affitto;Vacanze; Bed & Breakfasts;Ville;Appartamenti;Resort;Ostelli;Hotel;B&B:Prezzi;,Cultura;Turismo,Palermo,http://siciliahub.github.io/palermohub/palermo_airbnb.html,Scraping di Murray Cox - @murraycoxphoto,,@gbvitrano,2018-01-25,gennaio - 2018,2018,,
"Geocodifica il tuo indirizzo
","Usa questa utility  per trovare le coordinate geografiche di un punto  di una  via, una località, un comune o una regione.
Per otterere le coordinate latitudine e longitudine puoi:
Scrivere per esteso il nome della via o della 
località (semplificato dal completamento automatico di Google per le 
località Italiane) che ti interessa e cliccare su invio.Trascinare il markernella mappa per ottenere le coordinate e l'indirizzo.","<img src=""legend/clip_index/geolocalizza.jpg"" class=""clip_tooltips"" />",,Geolocalizzati;Indirizzo;Coordinate;Latitudine;Longitudine;,,Italia,http://siciliahub.github.io/palermohub/geolocalizza.html,,,@gbvitrano,2018-01-12,gennaio - 2018,2018,Geocodifica il tuo indirizzo,https://siciliahub.github.io/mappe/geolocation/geolocation.html
Italia - Mappa news Incendi registrati nel 2018,La mappa delle notizie relative agli Incendi avvenuti nel nostro paese nel 2018. ,"<img src=""legend/clip_index/news_incendi_2018.jpg"" class=""clip_tooltips""  />",,Incendi;News;EFFIS;Pericolo,Emergenze;Ambiente;Incendi,Italia,http://siciliahub.github.io/palermohub/news_incendi_2018.html,European Forest Fire Information System;EFFIS,,@gbvitrano,2018-01-01,gennaio - 2018,2018,Italia – Mappa news Incendi registrati nel 2018,http://u.osmfr.org/m/188138/
ATM Messina - GTFS,Mappa Trasporti pubblici ATM Messina - GTFS - Dicembre 2017,"<img src=""legend/clip_index/atm_me.jpg"" class=""clip_tooltips""  />",,Messina;ATM;GTFS;Bus;Tram;Fermate,Mobilità,Messina,http://siciliahub.github.io/palermohub/atm_me.html,Comune di Messina;UNIME,,@aborruso;@piersoft;@gbvitrano,2017-12-24,dicembre - 2017,2017,Mappa Trasporti pubblici ATM Messina - GTFS - Dicembre 2017,http://u.osmfr.org/m/187678/
P.A.I. Geomorfologia e Idraulica di Palermo – Qgis Cloud,P.A.I. Geomorfologia e Idraulica di Palermo – Qgis Cloud,"<img src=""legend/clip_index/pai_qgis_cloud.jpg"" class=""clip_tooltips""  />",,Ambiente;Pericolosità Geomofologicia;Rischio Geomofologico;Dissesti;Rischio Idraulico;Pericolosità Idraulica;Palermo,Strumenti Urbanistici,Palermo,http://siciliahub.github.io/palermohub/pai_qgis_cloud.html,Regione Sicilia,,@aborruso;Tonino Corso;@gbvitrano ,2017-12-22,dicembre - 2017,2017,P.A.I. Geomorfologia e Idraulica di Palermo – Qgis Cloud,https://goo.gl/GAmnKS
Orto Botanico di Palermo,Aree interne all'Orto Botanico di Palermo,"<img src=""legend/clip_index/orto_botanico.jpg"" class=""clip_tooltips""  />",,Orto Botanico;Giardini;Piante;Alberi;Fiori,Natura;Ambiente;Cartografia,Palermo,http://siciliahub.github.io/palermohub/orto_botanico.html,Università di Palermo,,@cirospat;Enrico Russo,2017-12-13,dicembre - 2017,2017,Aree interne all'Orto Botanico di Palermo,http://umap.openstreetmap.fr/it/map/orto-botanico-di-palermo_182521
Palermo 3D Maps WRLD,"WRLD è una piattaforma dinamica di mappatura 3D per edifici intelligenti, città, giochi, e esperienze virtuali. Fornisce un ambiente 3D completamente testurizzato che utilizza un sistema di coordinate globali in modo reale, quindi è pronto per essere utilizzato immediatamente.","<img src=""legend/clip_index/3d_wrld.jpg"" class=""clip_tooltips""  />",,3D,Modellazione 3D;Cartografia,Palermo,http://siciliahub.github.io/palermohub/index_3d.html,Wrld3d,,@gbvitrano,2017-12-08,dicembre - 2017,2017,,
Mappa del Rischio idrogeologico,"Piano Stralcio di Bacino per l‘Assetto Idrogeologico (P.A.I.) Regione Sicilia - (Palermo), strumento fondamentale della politica di assetto territoriale delineata dalla legge 183/89, avviata in ogni regione la pianificazione di bacino, esso ne costituisce il primo stralcio tematico e funzionale.","<img src=""legend/clip_index/pericolosita_idro_geo.jpg"" class=""clip_tooltips""  />",,Ambiente;Pericolosità Geomofologicia;Rischio Geomofologico;Dissesti;Rischio Idraulico;Pericolosità Idraulica;Palermo,Strumenti Urbanistici,Palermo,http://siciliahub.github.io/palermohub/rischio_idrogeologico.html#14/38.1185/13.3595,Regione Sicilia,,@aborruso;Tonino Corso;@gbvitrano ,2017-12-05,dicembre - 2017,2017,,
Mappa della Pericolosità idrogeologica,"Piano Stralcio di Bacino per l‘Assetto Idrogeologico (P.A.I.) Regione Sicilia - (Palermo), strumento fondamentale della politica di assetto territoriale delineata dalla legge 183/89, avviata in ogni regione la pianificazione di bacino, esso ne costituisce il primo stralcio tematico e funzionale.","<img src=""legend/clip_index/rischio_idrogeo.jpg"" class=""clip_tooltips""  />",,Ambiente;Pericolosità Geomofologicia;Rischio Geomofologico;Dissesti;Rischio Idraulico;Pericolosità Idraulica;Palermo,Strumenti Urbanistici,Palermo,http://siciliahub.github.io/palermohub/pericolosit%C3%A0_idrogeologica.html#14/38.1185/13.3595,Regione Sicilia,,@aborruso;Tonino Corso;@gbvitrano ,2017-12-04,dicembre - 2017,2017,,
Mappa delle Pericolosità e Rischio Idraulico per fenomeni di esondazione,"Piano Stralcio di Bacino per l‘Assetto Idrogeologico (P.A.I.) Regione Sicilia - (Palermo), strumento fondamentale della politica di assetto territoriale delineata dalla legge 183/89, avviata in ogni regione la pianificazione di bacino, esso ne costituisce il primo stralcio tematico e funzionale.","<img src=""legend/clip_index/pericolo_rischio_idra.jpg"" class=""clip_tooltips""  />",,Ambiente;Pericolosità Geomofologicia;Rischio Geomofologico;Dissesti;Rischio Idraulico;Pericolosità Idraulica;Palermo,Strumenti Urbanistici,Palermo,http://siciliahub.github.io/palermohub/idraulica.html#14/38.1185/13.3595,Regione Sicilia,,@aborruso;Tonino Corso;@gbvitrano ,2017-12-03,dicembre - 2017,2017,,
Mappa dei Dissesti,"Piano Stralcio di Bacino per l‘Assetto Idrogeologico (P.A.I.) Regione Sicilia - (Palermo), strumento fondamentale della politica di assetto territoriale delineata dalla legge 183/89, avviata in ogni regione la pianificazione di bacino, esso ne costituisce il primo stralcio tematico e funzionale.","<img src=""legend/clip_index/dissesti.jpg"" class=""clip_tooltips""  />",,Ambiente;Pericolosità Geomofologica;Rischio Geomofologico;Dissesti;Rischio Idraulico;Pericolosità Idraulica;Palermo,Strumenti Urbanistici,Palermo,http://siciliahub.github.io/palermohub/dissesti.html#14/38.1185/13.3595,Regione Sicilia,,@aborruso;Tonino Corso;@gbvitrano ,2017-12-02,dicembre - 2017,2017,,
Mappa delle Pericolosità e del Rischio Geomorfologica,"Piano Stralcio di Bacino per l‘Assetto Idrogeologico (P.A.I.) Regione Sicilia - (Palermo), strumento fondamentale della politica di assetto territoriale delineata dalla legge 183/89, avviata in ogni regione la pianificazione di bacino, esso ne costituisce il primo stralcio tematico e funzionale.","<img src=""legend/clip_index/index_pai.jpg"" class=""clip_tooltips""  />",,Ambiente;Pericolosità Geomofologicia;Rischio Geomofologico;Dissesti;Rischio Idraulico;Pericolosità Idraulica;Palermo,Strumenti Urbanistici,Palermo,http://siciliahub.github.io/palermohub/index_pai.html#14/38.1185/13.3595,Regione Sicilia,,@aborruso;Tonino Corso;@gbvitrano ,2017-12-01,dicembre - 2017,2017,,
Cartografia e Ortofoto di base,Carta Tecnica Regionale 10K (C.T.R.)  e Ortofoto ATA 2012 2013 Palermo 14 cm,"<img src=""legend/clip_index/cartografia.jpg"" class=""clip_tooltips""  />",,CTR;Palermo;Ortofoto;Cartografia,Cartografia,Palermo,http://siciliahub.github.io/palermohub/cartografia.html#14/38.1185/13.3595,Regione Sicilia,,@aborruso;@totofiandaca;@gbvitrano,2017-12-01,dicembre - 2017,2017,Ortofoto 14 centimetri,http://siciliahub.github.io/mappe/14centimetri/#7/37.514/14.040
Spazi Palermo capitale italiana Cultura 2018,Spazi Culturali comunali di Palermo per capitale italiana Cultura 2018,"<img src=""legend/clip_index/cultura_2018.jpg"" class=""clip_tooltips""  />",,Cultura,Cultura,Palermo,http://siciliahub.github.io/palermohub/pa_capitale_cultura_2018.html,Comune di Palermo,,@cirospat,2017-10-16,ottobre - 2017,2017,Spazi Culturali comunali di Palermo per capitale italiana Cultura 2018,http://umap.openstreetmap.fr/it/map/spazi-Culturali-comunali-di-palermo-per-capitale-i_120532#14/38.1191/13.3709
Italia - Mappa Fire News 2012 - 2017 ,La mappa delle notizie relative agli Incendi avvenuti in Italia dal 2012 al 2017.,"<img src=""legend/clip_index/news_incendi_2012_17.jpg"" class=""clip_tooltips""  />",,Incendi;News;EFFIS;Pericolo,Emergenze;Ambiente;Incendi,Italia,http://siciliahub.github.io/palermohub/news_incendi_2012_17.html,European Forest Fire Information System;EFFIS,,@gbvitrano,2017-09-20,settembre - 2017,2017,Italia - Mappa Fire News 2012 - 2017 ,http://u.osmfr.org/m/165023/
#FoiaeFiamme - Richiesta di accesso civico -,"La mappa permette a chiunque di compilare, in modo semplice e immediato, una richiesta di accesso civico con la quale chiedere ad un Comune il catasto delle terre bruciate","<img src=""legend/clip_index/comuniafuoco.jpg"" class=""clip_tooltips""  />",,Incendi;News;EFFIS;Accesso Civico;#Foiaefiamme;Pericolo,Emergenze;Ambiente;Incendi,Italia,http://siciliahub.github.io/palermohub/comuniafuoco.html,European Forest Fire Information System;EFFIS,,@aborruso;@cristigalas;@giuragu;@gbvitrano,2017-09-10,settembre - 2017,2017,Comuni a fuoco. Una mappa per la campagna #FoiaeFiamme,https://italiaafuoco.info/2017-09-05-comuni-a-fuoco-foia-e-fiamme/
Italia incendi boschivi dal 2009 a maggio 2016,"Nel periodo 2009 - 2016 in Italia un ettaro di superficie su tre è andato in fumo in Sicilia, un ettaro su cinque in Sardegna. In totale due terzi degli incendi italiani ha interessato le isole maggiori e la Calabria. Sempre nelle isole maggiori gli incendi più devastanti....","<img src=""legend/clip_index/numero_incendi_italia.jpg"" class=""clip_tooltips""  />",,Incendi;Dati alle fiamme;Italia a Fuoco,Emergenze;Ambiente;Incendi,Italia,http://siciliahub.github.io/palermohub/numero_incendi_italia.html,"Ex Corpo Forestale, oggi Carabinieri",,@aborruso;@giuragu;@gbvitrano,2017-09-02,settembre - 2017,2017,Italia incendi boschivi dal 2009 a maggio 2016,https://goo.gl/BExQxh
Sicilia - censimento aree incendi dal 2010 a maggio 2016 - Dati parziali,Il caso Sicilia - Censimento aree incendi dal 2010 a maggio 2016 - Dati parziali,"<img src=""legend/clip_index/incendi_sicilia_aree.jpg"" class=""clip_tooltips""  />",,Incendi;Sicilia;Censimento;Dati alle fiamme;Pericolo,Emergenze;Ambiente;Incendi,Sicilia,http://siciliahub.github.io/palermohub/incendi_sicilia_aree.html,SIF - Sistema Informativo Forestale Regione Siciliana;Regione Sicilia,,@aborruso;@giuragu;@gbvitrano,2017-09-02,settembre - 2017,2017,Censimento aree incendi dal 2010 a maggio 2016 - Dati parziali,https://goo.gl/yF1BMY
Location di Film girati in Sicilia,"Location di Film girati in Sicilia, da un lavoro di VisitSicily.info, catalogo di Film in progress","<img src=""legend/clip_index/location_film.jpg"" class=""clip_tooltips""  />",,Film,Cultura,Sicilia,http://siciliahub.github.io/palermohub/location_film.html,Visit Sicily Regione Sicilia,,@cirospat;Renato Alongi,2017-08-24,agosto - 2017,2017,"Location di Film girati in Sicilia, da un lavoro di VisitSicily.info, catalogo di Film in progress",http://umap.openstreetmap.fr/it/map/Film-in-sicilia_176007
Aree di Emergenza - Protezione Civile - Regione Sicilia,"Censimento delle aree di emergenza ai fini della pianificazione di Protezione Civile (Aree di attesa della popolazione, Aree di accoglienza o di ricovero della popolazione e Aree di ammassamento soccorritori e Risorse) dei Comuni delle Provincia di Catania, Enna, Messina, Ragusa e del Comune di Palermo.","<img src=""legend/clip_index/piano_pc.jpg"" class=""clip_tooltips""  />",,Protezione Civile,Emergenze; Protezione Civile,Catania;Enna; Messina;Ragusa;Palermo,http://siciliahub.github.io/palermohub/piano_prot_civ.html#12/38.1335/13.3193,Regione Sicilia;Comune di Palermo,,@gbvitrano,2017-08-01,agosto - 2017,2017,,
Sicila a fuoco - 2017 - EMSR213: Forest Fire in Southern Italy ,"Gli incendi in Sicilia, una situazione drammatica vista da COPERNICUS - Emergency Management Service - EMSR213: Forest Fire in Southern Italy 
","<img src=""legend/clip_index/index_incendi_sicilia.jpg"" class=""clip_tooltips""  />",,Incendi;Sicilia;Censimento;Dati alle fiamme;Modelli 3D;Modellazione 3D;Pericolo,Emergenze;Ambiente;Incendi,Sicilia,http://siciliahub.github.io/palermohub/index_incendi_sicilia.html,European Forest Fire Information System;EFFIS,,@gbvitrano,2017-07-03,luglio - 2017,2017,Mappa incendi Sicilia con i dati EFFIS -  COPERNICUS - Emergency Management Service,https://goo.gl/Nmw6p8
Pericolosità sismica - Sicilia,Pericolosità sismica di riferimento per il Territorio nazionale ,"<img src=""legend/clip_index/peric_sismica.jpg"" class=""clip_tooltips""  />",,Ambiente;Sisma;Prevenzione,Ambiente,Italia,http://siciliahub.github.io/palermohub/peric_sismica.html#9/37.5313/14.0353,ISTAT; INGV,,@gbvitrano,2017-07-01,luglio - 2017,2017,,
Contenitori di oli esausti vegetali a Palermo,Dislocazione dei contenitori di oli esausti vegetali a Palermo,"<img src=""legend/clip_index/contenitori_olio.jpg"" class=""clip_tooltips""  />",,Olii;Riciclo;Rifiuti,Ambiente;Rifiuti;Riciclo,Palermo,http://siciliahub.github.io/palermohub/contenitori_olio.html,Comune di Palermo,,@cirospat,2017-06-14,giugno - 2017,2017,Dislocazione dei contenitori di oli esausti vegetali a Palermo,http://umap.openstreetmap.fr/it/map/dislocazione-dei-contenitori-di-oli-esausti-vegeta_185725
Qgis Feature 2.5D Renderer Modello digitale del terreno di Palermo,Test Qgis Feature 2.5D Renderer Modello digitale sugli edifici del centro storico di Palermo,"<img src=""legend/clip_index/renderer_2_5D.jpg"" class=""clip_tooltips""  />",,Palermo;Modella 3D; Modellazione 3D; Territorio;Curve di livello;DEM;Modello digitale del terreno;DTM;Qgis;Render2.5D,Modellazione 3D,Palermo,http://siciliahub.github.io/palermohub/renderer_2_5D.html,Comune di Palermo;Regione Sicilia,,@gbvitrano,2017-05-22,maggio - 2017,2017,Modello digitale del terreno di Palermo e unità volumetriche,https://goo.gl/D86EBw
Modello digitale del terreno di Palermo,Modello digitale del terreno #DTM – del territorio di Palermo,"<img src=""legend/clip_index/dem_palermo.jpg"" class=""clip_tooltips""  />",,Palermo;Modella 3D; Modellazione 3D; Territorio;Curve di livello;DEM;Modello digitale del terreno;DTM,Modellazione 3D,Palermo,http://siciliahub.github.io/palermohub/dem_palermo.html,Regione Sicilia,,@gbvitrano,2017-05-21,maggio - 2017,2017,Modello digitale del terreno di Palermo,https://gbvitrano.it/qgis/dem_palermo/
Atlante delle Carte Tecniche storiche,"Osservare il cambiamento di una città grazie alla cartografia... Rispetto alla mappa pubblicata ad Aprile 2017, è stata aggiunta una nuova carta tecnica ed è stato migliorato il passaggio da una carta all'altra, mantenendo posizione e zoom","<img src=""legend/clip_index/atlante.jpg"" class=""clip_tooltips"" />",,Atlante;Cartografie Storiche;Palermo,Cartografia,Palermo,http://siciliahub.github.io/palermohub/index_atlante.html,Comune di Palermo,PalermoHub,@aborruso;@piersoft;@cirospat;@gbvitrano,2017-05-17,maggio - 2017,2017,,
Protezione Civile - Campagna AntIncendio Boschivo 2017 ,"Nella mappa è riportata la localizzazione delle basi operative con Elicotteri e mezzi aerei disponibili per la Campagna AntIncendio Boschivo 2017 della Protezione Civile e le basi aeree messe a disposizione dalle Regioni.
I mezzi della flotta aerea dello Stato sono coordinati dal Coau - Centro Operativo Aereo Unificato del Dipartimento della Protezione Civile.","<img src=""legend/clip_index/campagna_antinc.jpg"" class=""clip_tooltips""  />",,Mezzi di soccorso;Incendi;Elicotteri;Vigili del Fuoco;Emergenze,Emergenze,Italia,http://siciliahub.github.io/palermohub/campagna_antinc.html,Protezione Civile.,,@gbvitrano,2017-05-10,maggio - 2017,2017,Protezione Civile - Campagna AntIncendio Boschivo 2017 ,http://u.osmfr.org/m/159107/
Palermo – Elezioni Amministrative 2017 – Affluenza per seggio elettorale,"Nella mappa sono localizzati i seggi elettorali per le elezioni amministrative 2017, con l’indicazione del nome della scuola, l’indirizzo e la possibilità di accesso per i portatori di disabilità motorie. Inoltre sono riportati il numero degli elettori e l’affluenza nei vari seggi.","<img src=""legend/clip_index/amministrative_2017_affluenza.jpg"" class=""clip_tooltips""  />",,Elezioni Amministrative;Elezioni Politiche;Elezioni Regionli;Referendum,Elezioni Amministrative,Palermo,http://siciliahub.github.io/palermohub/amministrative_2017_affluenza.html,Comune di Palermo,,@aborruso;@cirospat;@gbvitrano,2017-05-09,maggio - 2017,2017,Palermo – Elezioni Amministrative 2017 – Affluenza per seggio elettorale,http://u.osmfr.org/m/152125/
Palermo – Elezioni Amministrative 2017 – Voti ai candidati sindaco aggregati per scuola,"Nella mappa sono localizzati i seggi elettorali per le elezioni amministrative 2017, con l’indicazione del nome della scuola, l’indirizzo e la possibilità di accesso per i portatori di disabilità motorie. Inoltre sono riportati i voti ai candidati sindaco per sezione.","<img src=""legend/clip_index/amministrative_2017_voti_sindaco.jpg"" class=""clip_tooltips""  />",,Elezioni Amministrative;Elezioni Politiche;Elezioni Regionli;Referendum,Elezioni Amministrative,Palermo,http://siciliahub.github.io/palermohub/amministrative_2017_voti_sindaco.html,Comune di Palermo,,@aborruso;@cirospat;@gbvitrano,2017-05-08,maggio - 2017,2017,Palermo – Elezioni Amministrative 2017 – Voti ai candidati sindaco aggregati per scuola,http://u.osmfr.org/m/152415/
Palermo – Controlli amianto 2016-2017 – Polizia Municipale,"Nella mappa è riportato il dataset  degli interventi effettuati relativi alla presenza di amianto nel territorio comunale di Palermo, dalla Polizia Municipale nel 2016 e 2017","<img src=""legend/clip_index/controlli_amianto_16_17.jpg"" class=""clip_tooltips""  />",,Ambiente;Controlli;Aminato;Rifiuti;Controllo Territorio,Ambiente,Palermo,http://siciliahub.github.io/palermohub/controlli_amianto_16_17.html,Comune di Palermo,,@gbvitrano,2017-05-06,maggio - 2017,2017,Palermo - Controlli amianto 2016-2017 ,http://u.osmfr.org/m/153078/
Italia - Mappa news Incendi registrati nel 2017,La mappa delle notizie relative agli Incendi avvenuti nel nostro paese nel 2017.,"<img src=""legend/clip_index/news_incendi_2017.jpg"" class=""clip_tooltips""  />",,Incendi;News;EFFIS;Pericolo,Emergenze;Ambiente;Incendi,Italia,http://siciliahub.github.io/palermohub/news_incendi_2017.html,European Forest Fire Information System;EFFIS,,@gbvitrano,2017-05-05,maggio - 2017,2017,Italia – Mappa news Incendi registrati nel 2017,http://u.osmfr.org/m/158685/
Mappa del ferro - Palermo [Maggio 2017],"Nella mappa sono riportate le infrastrutture su rotaia del trasporto pubblico di massa  in esercizio, in corso di realizzazione e in fase di progettazione a Palermo","<img src=""legend/clip_index/mappa_ferro.jpg"" class=""clip_tooltips""  />",,Tram;Amat;Parcheggi;Pubblici;Interscambio;Metrò;Bike;Sharing;GTFS;Orari Bus;Orari Tram;GTFS,Mobilità,Palermo,http://siciliahub.github.io/palermohub/mappa_ferro.html,Comune di Palermo,,@cirospat;@gbvitrano,2017-05-03,maggio - 2017,2017,Mappa del ferro - Palermo [Maggio 2017],http://u.osmfr.org/m/143534/
Strumenti urbanistici di attuazione,Variente Generle l P.R.G. - Zonizzazione e vincoli sul Territorio adeguati ai D. Dir 558 e 124/DRU/02 di approvazione - Luglio 2003 - Presa D'atto Delibera 7/2004 e Piano Particolareggiato Esecutivo del centro storico,"<img src=""legend/clip_index/prg.jpg"" class=""clip_tooltips""  />",,Variante Generale;PRG;PPE;Centro Storico;Palermo;Controllo del territorio;Governo del territorio;Zonizzazione;Pianp Particolareggiato,Strumenti Urbanistici,Palermo,http://siciliahub.github.io/palermohub/index_prg.html#14/38.1185/13.3595,Comune di Palermo,,@aborruso;@gbvitrano,2017-05-01,maggio - 2017,2017,Piano Regolatore di Palermo,http://blog.spaziogis.it/static/palermo_prg/#14/38.1114/13.3571
Cambia-menti 2025,Cambia-menti…#Palermo…Variante Generale PRG 2004 vs Schema di massima del PRG 2025,"<img src=""legend/clip_index/cambia-menti.jpg"" class=""clip_tooltips""  />",,Variante Generale;PRG;PPE;Centro Storico;Palermo;Controllo del territorio;Governo del territorio;Zonizzazione;Pianp Particolareggiato,Strumenti Urbanistici,Palermo,http://siciliahub.github.io/palermohub/cambia-menti.html,Comune di Palermo,,@cirospat;@gbvitrano,2017-04-22,aprile - 2017,2017,Cambia-menti,https://goo.gl/oUXq1D
Studio Vulnerabilità sismica degli edifici residenziali di Palermo - Mappa 3D,E’ una mappatura di base della vulnerabilità sismica degli edifici residenziali di due aree campione della città. La vulnerabilità sismica rappresenta una misura della maggiore o minore capacità degli edifici di resistere ad azioni sismiche (terremoti di prefissata entità) ,"<img src=""legend/clip_index/vulnerabilità_sismica_3D.jpg"" class=""clip_tooltips""  />",,Territorio;Sisma;Vulnerabilità;Edifici,Modellazione 3D,Palermo,http://siciliahub.github.io/palermohub/vulnerabilità_sismica_3D.html,Comune di Palermo;ISTAT;Regione Sicilia,,@aborruso;@carbone_letizia;@cirospat;@gbvitrano,2017-04-20,aprile - 2017,2017,Studio Vulnerabilità sismica degli edifici residenziali di Palermo - Mappa 3D,https://goo.gl/Y5Q7Yu
Mappa del pendolarismo da e per Palermo – Istat 2011,Mappa del pendolarismo da e per Palermo – Istat 2011,"<img src=""legend/clip_index/pendolarismo.jpg"" class=""clip_tooltips""  />",,"Mobilità;Pendolarismo;Bus;Mezzo proprio,Lavoro;Studio;Istat",Mobilità,Sicilia;Palermo,http://siciliahub.github.io/palermohub/pendolarismo.html,ISTAT,,@cirospat;@gbvitrano,2017-04-05,aprile - 2017,2017,Mappa del pendolarismo da e per Palermo – Istat 2011,http://u.osmfr.org/m/131321/
Servizio taxi sharing - Palermo,Servizio taxi sharing - Palermo,"<img src=""legend/clip_index/taxi_sharing.jpg"" class=""clip_tooltips""  />",,Ambiente;Mobilità;Taxi;Sharing,Mobilità,Palermo,http://siciliahub.github.io/palermohub/taxi_sharing.html,Comune di Palermo,,@cirospat;@gbvitrano,2017-04-05,aprile - 2017,2017,Servizio taxi sharing - Palermo,http://u.osmfr.org/m/118288/
Studio sulla vulnerabilità sismica degli edifici residenziali di Palermo,E’ una mappatura di base della vulnerabilità sismica degli edifici residenziali di due aree campione della città. La vulnerabilità sismica rappresenta una misura della maggiore o minore capacità degli edifici di resistere ad azioni sismiche (terremoti di prefissata entità) ,"<img src=""legend/clip_index/vulnerabilità_sismica.jpg"" class=""clip_tooltips""  />",,Territorio;Sisma;Vulnerabilità;Edifici,Strumenti Urbanistici,Palermo,http://siciliahub.github.io/palermohub/vulnerabilità_sismica.html,Comune di Palermo;ISTAT,,@aborruso;@carbone_letizia;@cirospat;@gbvitrano,2017-04-04,aprile - 2017,2017,Vulnerabilità sismica degli edifici residenziali di Palermo,http://u.osmfr.org/m/129514/
Mappa rimozione di cemento amianto,Rielaborazione rimozione di cemento amianto negli spazi pubblici comunali dal 2010 al 2016,"<img src=""legend/clip_index/amianto.jpg"" class=""clip_tooltips""  />",,Ambiente;Decoro Urbano,Ambiente;Rifiuti;Riciclo,Palermo,http://siciliahub.github.io/palermohub/2016_rim_ami.html#12/38.1377/13.3477,Comune di Palermo,,@cirospat;@gbvitrano,2017-04-01,aprile - 2017,2017,,
Pericolosità sismica del Territorio d'Italia e principali dighe italiane,Pericolosità sismica del Territorio d'Italia e principali dighe italiane,"<img src=""legend/clip_index/dighe_ciro.jpg"" class=""clip_tooltips""  />",,Ambiente;Sisma;Prevenzione;Dighe,Ambiente,Italia,http://siciliahub.github.io/palermohub/dighe_ciro.html,INGV;Registro italiano delle dighe,,@aborruso;@cirospat;@gbvitrano,2017-03-13,marzo - 2017,2017,Pericolosità sismica del Territorio d'Italia e principali dighe italiane,http://umap.openstreetmap.fr/it/map/mappa-di-pericolosita-sismica-del-Territorio-dital_133805#6/42.115/13.403
Italia – Qualità delle acque di balneazione nel 2016,"Oltre l’85% dei siti di balneazione monitorati in tutta Europa nel 2016 soddisfa i requisiti più rigorosi per fregiarsi della qualifica di “eccellente”, il che significa che sono per lo più esenti da inquinanti pericolosi per la salute umana e l’ambiente, secondo la relazione annuale sulla qualità delle acque di balneazione pubblicata oggi","<img src=""legend/clip_index/balneazione_2016.jpg"" class=""clip_tooltips""  />",,Ambiente;Mare;Spiagge,Ambiente,Italia,http://siciliahub.github.io/palermohub/balneazione_2016.html, EEA - Bathing Water Directive - Status of bathing water ,,@gbvitrano,2017-03-06,marzo - 2017,2017,Italia - Qualità delle acque di balneazione nel 2016,http://u.osmfr.org/m/157411/
Risorse Naturali Palermo,Palermo: tipologia delle Risorse Naturali,"<img src=""legend/clip_index/risorse_naturali.jpg"" class=""clip_tooltips""  />",,Natura;Risorse,Ambiente;Strumenti Urbanistici,Palermo,http://siciliahub.github.io/palermohub/risorse_naturali.html,Comune di Palermo,,@cirospat,2017-03-05,marzo - 2017,2017,Palermo: tipologia delle Risorse Naturali,http://umap.openstreetmap.fr/it/map/palermo-tipologia-delle-Risorse-Naturali_182120#12/38.1344/13.3899
Palermo Differenzia 2,Pianificazione Particolareggiata all'interno dell’Ambito Ottimale “Palermo Area Metropolitana” della raccolta differenziata,"<img src=""legend/clip_index/differenzia_2.jpg"" class=""clip_tooltips""  />",,Rifiuti;,Ambiente;Rifiuti;Riciclo,Palermo,http://siciliahub.github.io/palermohub/differenzia_2.html,Comune di Palermo,,@cirospat,2017-03-04,marzo - 2017,2017,Palermo Differenzia 2,http://umap.openstreetmap.fr/it/map/palermo-differenzia-2_90304#13/38.1304/13.3988
Segnalazioni incidenti  real time del Comando Polizia Municipale di Palermo da Novembre 2016,Segnalazioni incidenti  real time del Comando Polizia Municipale di Palermo da Novembre 2016,"<img src=""legend/clip_index/incidenti_real_time.jpg"" class=""clip_tooltips""  />",,Mobilità;Incidenti;RealTime,Mobilità,Palermo,http://siciliahub.github.io/palermohub/incidenti_real_time.html,Comune di Palermo,,@aborruso;@cirospat;@gbvitrano,2017-03-04,marzo - 2017,2017,Segnalazioni incidenti  real time del Comando Polizia Municipale di Palermo da Novembre 2016,http://u.osmfr.org/m/114265/
Mappa dinamica - Realizzata da Guenter Richter,Mappa dinamica - Realizzata da Guenter Richter con il progetto IXMAPS,"<img src=""legend/clip_index/mappadinamica_16.jpg"" class=""clip_tooltips""  />",,Palermo;Polizia Municipale;Incidenti;Sinistri,Mobilità,Palermo,http://projects.ixmaps.com.s3-website-eu-west-1.amazonaws.com/Palermo_Incidenti/app/Palermo_Incidenti/index_2016_full.html,Comune di Palermo,,@grichter,2017-03-03,marzo - 2017,2017,Palermo Incidenti 2016,http://projects.ixmaps.com.s3-website-eu-west-1.amazonaws.com/Palermo_Incidenti/app/Palermo_Incidenti/index_2016_full.html
"Sezione censuarie - ISTAT 2011, Unità di primo livello (UPL), Quartieri e Circoscrizioni di Palermo","Nella mappa è rappresentata la suddivisione del territorio di Palermo, dalle sezione censuarie - ISTAT 2011, alle Unità di primo livello (UPL), dai Quartieri alle Circoscrizioni, estratti dal dataset ISTAT Basi territoriali e variabili censuarie - Censimento 2011
","<img src=""legend/clip_index/circoscrizioni.jpg"" class=""clip_tooltips""  />",,Territorio;Quartieri;Confine comunale,Strumenti Urbanistici,Palermo,http://siciliahub.github.io/palermohub/circoscrizioni.html,ISTAT,,@gbvitrano,2017-03-03,marzo - 2017,2017,Circoscrizioni Palermo - Censimento ISTAT 2011,http://u.osmfr.org/m/113434/
Uffici della Motorizzazione e Officine Autorizzate alla revisione,Uffici della Motorizzazione e Officine Autorizzate alla revisione - Marzo 2017,"<img src=""legend/clip_index/motor_off_autor.jpg"" class=""clip_tooltips""  />",,Mobilità;Motorizzazione;Officine autorizzate; Uffici Motorizzazione,Mobilità,Italia,http://siciliahub.github.io/palermohub/motor_off_autor.html,dati.mit.gov.it;Uffici della Motorizzazione,,@gbvitrano,2017-03-03,marzo - 2017,2017,Uffici della Motorizzazione e Officine Autorizzate alle revisioni [Marzo 2017],http://u.osmfr.org/m/149295/
Avvisi real time del Comando Polizia Municipale di Palermo,"Avvisi real time del Comando Polizia Municipale di Palermo su traffico, incidenti, manifestazioni, lavori in corso;","<img src=""legend/clip_index/avvisi_real_time.jpg"" class=""clip_tooltips""  />",,Mobilità;Incidenti;Manifestazioni;Avvisi;RealTime;Lavori in corso;,Mobilità,Palermo,http://siciliahub.github.io/palermohub/avvisi_real_time.html,Comune di Palermo,,@aborruso;@cirospat;@gbvitrano,2017-03-03,marzo - 2017,2017,Avvisi real time del Comando Polizia Municipale di Palermo,http://u.osmfr.org/m/114101/
Sinistri stradali rilevati nel Territorio comunale di Palermo nell'anno 2016 - Leaflet,"Incidenti rilevati dalla Polizia Municipale di Palermo - Leaflet
(tot. incidenti 3577)","<img src=""legend/clip_index/index_sinistri_2016.jpg"" class=""clip_tooltips""  />",,Palermo;Polizia Municipale;Incidenti;Sinistri,Mobilità,Palermo,http://siciliahub.github.io/palermohub/index_sinistri_2016.html,Comune di Palermo,,@gbvitrano,2017-03-02,marzo - 2017,2017,Palermo Sinistri stradali 2016,http://siciliahub.github.io/mappe/sinistri_2016/index.html
Sinistri stradali rilevati nel Territorio comunale di Palermo nell'anno 2016 - Umap,Incidenti rilevati dalla Polizia Municipale di Palermo - Umap (tot. incidenti 3577),"<img src=""legend/clip_index/sinistri_16.jpg"" class=""clip_tooltips""  />",,Palermo;Polizia Municipale;Incidenti;Sinistri;,Mobilità,Palermo,http://siciliahub.github.io/palermohub/sinistri_16.html,Comune di Palermo,,@gbvitrano,2017-03-02,marzo - 2017,2017,Palermo Sinistri stradali 2016,http://u.osmfr.org/m/135050/
La Domenica Favorita,"5 Domeniche di apertura de ""La Domenica Favorita"":26 Marzo, 9 e 23 Aprile; 7 e 21 Maggio 2017 - Un iniziativa del Comitato ""La Domenica Favorita"" in collaborazione con il Comune di Palermo","<img src=""legend/clip_index/favorita.jpg"" class=""clip_tooltips""  />",,Cultura;Turismo;Palermo;Parco della Favorita;Bike;Sentieri;Percorsi;Aree sport; Area gioco;Edifici storici,Cultura;Turismo,Palermo,http://siciliahub.github.io/palermohub/domenica_all_favorita.html,ladomenicafavorita.com,,@cirospat;@gbvitrano,2017-03-01,marzo - 2017,2017,Locandina in formato PDF,http://www.ladomenicafavorita.com/wp-content/uploads/2016/11/Mappa-Fruizione.pdf
Sicily Events,"Il riuso della Rassegna di eventi pubblicata a cura dell'Assessorato turismo, sport,spettacolo della Regione Siciliana  ","<img src=""legend/clip_index/sicily_events.jpg"" class=""clip_tooltips"" />",,Eventi Sicilia;Teatro;Musica;Spettacolo;Musei;Cinema;Musica;Sagra;Religione;Feste;Fotografia;,Cultura,Sicilia,http://siciliahub.github.io/palermohub/sicily_events.html,Regione Sicilia,,@aborruso,2017-02-05,febbraio - 2017,2017,Sicily Events,https://siciliahub.github.io/sicilyevents/
Le maggiori dighe d'Italia e aree di pericolosita sismica,Mappa per Magzine - progetto della Scuola di giornalismo dell’Università Cattolica del Sacro Cuore di Milano - Le grandi dighe e il rischio sismico in Italia a cura di Antonio Di Francesco e Ilaria Mauri,"<img src=""legend/clip_index/dighe_gianni.jpg"" class=""clip_tooltips""  />",,Ambiente;Sisma;Prevenzione;Dighe,Ambiente,Italia,http://siciliahub.github.io/palermohub/dighe_gianni.html,IGNV;Registro italiano delle dighe;ProgettoDighe,,@aborruso;@cirospat;@gbvitrano,2017-02-02,febbraio - 2017,2017,Le maggiori dighe d'Italia e aree di pericolosita sismica,http://u.osmfr.org/m/125161/
"Siccità, turnazione idrica per alcune zone della città di Palermo","Siccità, turnazione idrica per alcune zone della città di Palermo","<img src=""legend/clip_index/siccita.jpg"" class=""clip_tooltips""  />",,Ambiente;Turnazione idrica;Siccità,Ambiente,Palermo,http://siciliahub.github.io/palermohub/siccita.html,AMAP SpA;Comune di Palermo,,@cirospat;@gbvitrano,2017-01-08,gennaio - 2017,2017,Palermo #siccità. Turnazione idrica per alcune zone da gen 2017,u.osmfr.org/m/119054/
Monumenti abbandonati,Mappa dei monumenti abbandonati e dimenticati di Palermo. Iniziativa proposta dall'associazione Palermo Indignata,"<img src=""legend/clip_index/monumenti.jpg"" class=""clip_tooltips""  />",,Cultura;Turismo;Palermo;Edifici storici,Cultura;Turismo,Palermo,http://siciliahub.github.io/palermohub/monumenti_abbandonati.html,"gruppi facebook ""Palermo Indignata"" e ""I Monumenti Abbandonati di Palermo""",,Giuseppe Mazzola per associazione Palermo Indignata,2017-01-01,gennaio - 2017,2017,Gruppo facebook I Monumenti Abbandonati di Palermo,https://www.google.com/maps/d/u/0/viewer?mid=1bMWf6Rj1KqtfNgIYR_0KSanDQIU&ll=38.13930351634314%2C13.38492020000001&z=12
Trasporti pubblici Palermo,"Mappa con fermate, linee e orari dei Bus e Tram di Palermo - Amat spa. 
Map e turorial by @piersoft. GTFS Lic. CC-BY 
Db SpatiaLite e Query utili di @aborruso - OpenData Comune di Palermo","<img src=""legend/clip_index/trasporti_pa.jpg"" class=""clip_tooltips""  />",,Tram;Amat;Parcheggi;Pubblici;Interscambio;Metrò;Bike;Sharing;GTFS;Orari Bus;Orari Tram;GTFS,Mobilità,Palermo,http://siciliahub.github.io/palermohub/trasporti_pa.html,Comune di Palermo,,@aborruso;@piersoft;@gbvitrano,2016-12-27,dicembre - 2016,2016,Trasporti pubblici Palermo,http://gbvitrano.it/openamat/locator.php?lat=38.11571851603279&lon=13.3613491058349611
#Openamat,#Openamat - Trasporti pubblici - GTFS Palermo validi fino al 31 Dic 2016,"<img src=""legend/clip_index/amat_pa.jpg"" class=""clip_tooltips""  />",,ZTL;Palermo;Centro Storico;Parcheggi;Tram;Amat;Sportelli Amat;Parcheggi;Pubblici;Interscambio;Metrò;Bike;Sharing;GTFS,Mobilità,Palermo,http://siciliahub.github.io/palermohub/amat_pa.html,Comune di Palermo,,@aborruso;@piersoft;@cirospat;@gbvitrano,2016-12-27,dicembre - 2016,2016,#Openamat - Trasporti pubblici - GTFS Palermo validi fino al 31 Dic 2016,http://u.osmfr.org/m/104623/
Referendum Costituzionale 4 Dicembre 2016 – Dati Palermo,Referendum Costituzionale 4 Dicembre 2016 – Dati Palermo,"<img src=""legend/clip_index/referendum_costituzionale.jpg"" class=""clip_tooltips""  />",,Elezioni Amministrative;Elezioni Politiche;Elezioni Regionli;Referendum,Elezioni Amministrative,Palermo,http://siciliahub.github.io/palermohub/referendum_costituzionale.html,Comune di Palermo,,@cirospat;@gbvitrano,2016-12-04,dicembre - 2016,2016,Referendum Costituzionale 4 Dicembre 2016 ,http://u.osmfr.org/m/116236/
Seggi elettorali di Palermo accessibili ai portatori di disabilità motorie,"""Gli elettori con capacità di deambulazione gravemente ridotta possono esercitare il diritto di voto in  una  qualsiasi sezione elettorale del Comune appositamente allestita, quando la sezione alla quale sono iscritti non è accessibile mediante sedia a ruote. È necessaria l’esibizione di documento di riconoscimento, della tessera elettorale, l’attestazione medica rilasciata, anche precedentemente e per altri scopi, dall’Azienda Sanitaria, o copia autentica della patente di guida speciale, purché dalla documentazione esibita risulti l’impossibilità o la capacità gravemente ridotta di deambulazione. Si sono individuate, segnalandone gli accessi con apposito simbolo, ed attrezzate le sezioni ubicate in locali ove le barriere architettoniche sono state eliminate""","<img src=""legend/clip_index/seggi_elettorali_palermo.jpg"" class=""clip_tooltips""  />",,Elezioni Amministrative;Elezioni Politiche;Elezioni Regionli;Referendum,Elezioni Amministrative,Palermo,http://siciliahub.github.io/palermohub/seggi_elettorali_palermo.html,Comune di Palermo,,@cirospat;@gbvitrano,2016-12-01,dicembre - 2016,2016,Seggi elettorali di Palermo accessibili ai portatori di disabilità motorie,https://umap.geonue.com/m/230/
Mappa stazioni di monitoraggio polveri sottili 2016 della Città di Palermo,"Qualità dell'aria del Comune di Palermo. La rete è costituita da 10 stazioni ubicate in vari punti rappresentativi della città, dotate di apparecchiature per il controllo continuo dell’inquinamento atmosferico ed acustico.","<img src=""legend/clip_index/polveri_sottili.jpg"" class=""clip_tooltips""  />",,Ambiente;Inquinamento;Polveri sottili;PM10;Controllo Territorio;Monitoraggio,Ambiente,Palermo,http://siciliahub.github.io/palermohub/polveri_sottili.html,RAP - Risorse Amniente Palermo,,@cirospat;@gbvitrano,2016-10-08,ottobre - 2016,2016,Mappa stazioni di monitoraggio polveri sottili 2016 della Città di Palermo,http://umap.geonue.com/m/170/
ZTL Centrale - Palermo - 2016,ZTL e servizi di mobilità urbana prossimi alla ZTL Centrale - Palermo - 2016,"<img src=""legend/clip_index/ztl_pa.jpg"" class=""clip_tooltips""  />",,ZTL;Palermo;Centro Storico;Parcheggi;Tram;Amat;Sportelli Amat;Parcheggi;Pubblici;Interscambio;Metrò;Bike;Sharing,Mobilità,Palermo,http://siciliahub.github.io/palermohub/ztl_pa.html,Comune di Palermo,,@aborruso;@cirospat;@gbvitrano,2016-09-09,settembre - 2016,2016,ZTL Centrale - Palermo - 2016,http://u.osmfr.org/m/102691/
TimeMapper delle Vie dei Tesori 2016 della Città di Palermo (TimeMapper),TimeMapper delle Vie dei Tesori 2016 della Città di Palermo (TimeMapper),"<img src=""legend/clip_index/vie_dei_tesori_timemapper.jpg"" class=""clip_tooltips""  />",,Le vie dei Tesori;Cultura;Turismo;Palermo;Edifici storici;Percorsi;Momumenti,Cultura;Turismo,Palermo,http://siciliahub.github.io/palermohub/vie_dei_tesori_timemapper.html,leviedeitesori.com,,@gbvitrano,2016-09-08,settembre - 2016,2016,Le Vie dei Tesori Città di Palermo,https://www.google.com/maps/d/u/0/viewer?mid=1HIsv_CNHNEwf9UTPXwEp6vuNd70&ll=38.11517273320107%2C13.355205100000035&z=13
Rielaborazione della mappa le Vie dei Tesori Città di Palermo,Rielaborazione della mappa le Vie dei Tesori Città di Palermo,"<img src=""legend/clip_index/vie_dei_tesori.jpg"" class=""clip_tooltips""  />",,Le vie dei Tesori;Cultura;Turismo;Palermo;Edifici storici;Percorsi;Momumenti,Cultura;Turismo,Palermo,http://siciliahub.github.io/palermohub/vie_dei_tesori.html,leviedeitesori.com,,@cirospat;@gbvitrano,2016-09-07,settembre - 2016,2016,Le Vie dei Tesori Città di Palermo,https://www.google.com/maps/d/u/0/viewer?mid=1HIsv_CNHNEwf9UTPXwEp6vuNd70&ll=38.11517273320107%2C13.355205100000035&z=13
Divieti di balneazione a Palermo nel 2016,Divieti di balneazione permanente per la stagione estiva 2016 nel comune di Palermo,"<img src=""legend/clip_index/divieti_baln.jpg"" class=""clip_tooltips""  />",,Balneazione;Mare;Spiagge;Sole,Ambiente,Palermo,http://siciliahub.github.io/palermohub/divieti_baln.html,Comune di Palermo,,@cirospat,2016-06-24,giugno - 2016,2016,Divieti di balneazione permanente per la stagione estiva 2016 nel comune di Palermo,https://www.google.com/maps/d/u/0/embed?mid=1FaQASqaGE-fY9HfHjSfMzLXKhVY
"Luoghi di interesse turistico, culturale, archelologico, artistico di Palermo","Luoghi di interesse turistico, culturale, archelologico, artistico di Palermo","<img src=""legend/clip_index/luoghi_interesse_turistico.jpg"" class=""clip_tooltips""  />",,Cultura;Turismo;Palermo;Edifici storici;Percorsi;Momumenti,Cultura;Turismo,Palermo,http://siciliahub.github.io/palermohub/luoghi_interesse_turistico.html,Comune di Palermo,,@piersoft;@gbvitrano,2016-05-08,maggio - 2016,2016,"Luoghi di interesse turistico, culturale, archelologico, artistico di Palermo",http://u.osmfr.org/m/113551/
Abusi edilizi polizia municipale Palermo – aggiornato al 2015,Abusi edilizi polizia municipale Palermo – aggiornato al 2015,"<img src=""legend/clip_index/abusi_edilizi_2015.jpg"" class=""clip_tooltips""  />",,Ambiente;Controlli;Abusi edilizi;Controllo Territorio,Ambiente,Palermo,http://siciliahub.github.io/palermohub/abusi_edilizi_2015.html,Comune di Palermo,,@gbvitrano,2016-05-07,maggio - 2016,2016,Abusi edilizi polizia municipale Palermo - aggiornato al 2015,http://u.osmfr.org/m/130502/
Inquinamento acustico Comune di Palermo,Mappa del livello di rumore giornaliero e notturno da traffico veicolare (Lden road e Lnight road),"<img src=""legend/clip_index/arpa_Lden.jpg"" class=""clip_tooltips"" />",,Arpa;Palermo;Inquinamento;Rumore;Lden road;Lnight road,Ambiente,Palermo,http://siciliahub.github.io/palermohub/arpa_Lden.html,Arpa Sicilia,,@gbvitrano,2016-05-04,maggio - 2016,2016,Mappa del livello di rumore giornaliero da traffico veicolare (Lden) della Città di Palermo,https://goo.gl/SzSSXb
Aree di Abbandono incontrollato di rifiuti nel 2015,"Aree pubbliche/private di Abbandono incontrollato di R.S.U., rifiuti ingombranti, speciali o pericolosi a Palermo nel 2015","<img src=""legend/clip_index/abbandono.jpg"" class=""clip_tooltips""  />",,Ambiente;Rifiuti;Controllo Territorio,Ambiente;Rifiuti;Riciclo,Palermo,http://siciliahub.github.io/palermohub/abbandono.html,Comune di Palermo,,@cirospat,2016-03-09,marzo - 2016,2016,"Aree pubbliche/private di Abbandono incontrollato di R.S.U., rifiuti ingombranti, speciali o pericolosi a Palermo nel 2015",http://umap.openstreetmap.fr/it/map/palermo-aree-pubblicheprivate-oggetto-di-Abbandono_90499#12/38.1417/13.4081
Geositi della Provincia di Enna,Geositi della Provincia di Enna,"<img src=""legend/clip_index/geositi_enna.jpg"" class=""clip_tooltips""  />",,Ambiente;Geositi,Natura;Ambiente;Geologia,Enna,http://siciliahub.github.io/palermohub/geositi_enna.html,Provincia di Enna,,@cirospat,2016-03-08,marzo - 2016,2016,Geositi della Provincia di Enna,http://umap.openstreetmap.fr/en/map/geositi-della-provincia-di-enna_98659#9/37.5609/14.7052
Stoccaggio rifiuti speciali a Palermo,Gestione e stoccaggio rifiuti speciali o pericolosi nel 2015 a Palermo,"<img src=""legend/clip_index/gest_stoccaggio.jpg"" class=""clip_tooltips""  />",,Ambiente;Rifiuti;Controllo Territorio,Ambiente;Rifiuti;Riciclo,Palermo,http://siciliahub.github.io/palermohub/gest_stoccaggio.html,Comune di Palermo,,@cirospat,2016-03-08,marzo - 2016,2016,Gestione e stoccaggio rifiuti speciali o pericolosi nel 2015 a Palermo,http://umap.openstreetmap.fr/it/map/gestione-e-stoccaggio-rifiuti-speciali-eo-pericolo_90316
Inquinamento acustico a Palermo nel 2015,Interventi di Polizia Municipale per inquinamento acustico 2015 a Palermo,"<img src=""legend/clip_index/inquinamento_acustico.jpg"" class=""clip_tooltips""  />",,Controllo Territorio;Inquinamento acustico,Ambiente,Palermo,http://siciliahub.github.io/palermohub/inquinamento_acustico.html,Comune di Palermo,,@cirospat,2016-03-07,marzo - 2016,2016,Interventi di Polizia Municipale per inquinamento acustico 2015 a Palermo,http://umap.openstreetmap.fr/it/map/palermo-pm-interventi-per-inquinamento-acustico-20_92459
Verbali nel 2015 per irregolare conferimento rifiuti a Palermo,Verbali elevati nel 2015 per irregolare conferimento rifiuti o raccolta differenziata a Palermo,"<img src=""legend/clip_index/verbali.jpg"" class=""clip_tooltips""  />",,Ambiente;Rifiuti;Controllo Territorio,Ambiente;Rifiuti;Riciclo,Palermo,http://siciliahub.github.io/palermohub/verbali.html,Comune di Palermo,,@cirospat,2016-03-07,marzo - 2016,2016,Verbali elevati nel 2015 per irregolare conferimento rifiuti o raccolta differenziata a Palermo,http://umap.openstreetmap.fr/it/map/mappa-dei-verbali-elevati-2015-per-irregolare-conf_93623
Vittime di mafia a Palermo,Localizzazione dei siti con vittime di mafia a Palermo,"<img src=""legend/clip_index/vittime_mafia.jpg"" class=""clip_tooltips""  />",,mafia,Illegalità,Palermo,http://siciliahub.github.io/palermohub/vittime_mafia.html,vittimemafia.it,,@cirospat,2016-03-05,marzo - 2016,2016,Vittime di mafia,http://umap.openstreetmap.fr/it/map/mappa-delle-vittime-cadute-per-mafia-a-palermo_20793#12/38.1379/13.4013
Cassonetti per la raccolta degli indumenti usati a Palermo,Cassonetti della società RAP SpA per la raccolta degli indumenti usati a Palermo,"<img src=""legend/clip_index/cassonetti_rap.jpg"" class=""clip_tooltips""  />",,Riciclo;Indumenti;Abbandono,Ambiente;Rifiuti;Riciclo,Palermo,http://siciliahub.github.io/palermohub/cassonetti_rap.html,Comune di Palermo,,@cirospat,2016-03-01,marzo - 2016,2016,Cassonetti della società RAP SpA per la raccolta degli indumenti usati a Palermo,http://umap.openstreetmap.fr/it/map/palermo-cassonetti-rap-raccolta-indumenti-usati_47859
Mappa calore dei beni confiscati alle criminalità in Italia,"Dati aggregati su base regionale, provinciale e comunale a partire da quelli ufficiali dell'ANBSC aggiornati al 31 dicembre 2015 sito dell'agenzia.","<img src=""legend/clip_index/beni_confiscati.jpg"" class=""clip_tooltips""  />",,Beni confiscati;Beni immobili,Strumenti Urbanistici,Italia,http://siciliahub.github.io/palermohub/beni_confiscati.html,confiscatibene.it,,@gbvitrano,2016-02-08,febbraio - 2016,2016,Beni confiscati alle criminalità in  Italia - Aggiornamento 31 dicembre 2015,http://u.osmfr.org/m/77449/
Zonizzazione e vincoli sul territorio della Città di Palermo – Qgis Cloud,Zonizzazione e vincoli sul territorio della Città di Palermo – Qgis Cloud,"<img src=""legend/clip_index/prg_qgis_cloud.jpg"" class=""clip_tooltips""  />",,Variante Generale;PRG;PPE;Centro Storico;Palermo;Controllo del territorio;Governo del territorio;Zonizzazione;Pianp Particolareggiato,Strumenti Urbanistici,Palermo,http://siciliahub.github.io/palermohub/prg_qgis_cloud.html,Comune di Palermo,,@gbvitrano,2015-12-22,dicembre - 2015,2015,Zonizzazione e vincoli sul territorio della Città di Palermo – Qgis Cloud,https://goo.gl/cqfeMH
OPEN Censimenti - Palermo,OPEN Censimenti - Italia su dati Istat 2011,"<img src=""legend/clip_index/opencensimenti_palermo.jpg"" class=""clip_tooltips""  />",,Istat;Censimento;Popolazione;Opendata;Palermo;Sicilia;Italia,Strumenti Urbanistici,Italia,http://public.ixmaps.com.s3-website-eu-west-1.amazonaws.com/stage/app/Istat_basi_territoriali/Censimento_OnePage/index.html,ISTAT,,@grichter,2015-07-04,luglio - 2015,2015,ixmaps.com/examples,http://ixmaps.com/examples/
Piano Particolareggiato Esecutivo del Centro Storico di Palermo – Qgis Cloud,Piano Particolareggiato Esecutivo del Centro Storico di Palermo – Qgis Cloud,"<img src=""legend/clip_index/ppe_qgis_cloud.jpg"" class=""clip_tooltips""  />",,Variante Generale;PRG;PPE;Centro Storico;Palermo;Controllo del territorio;Governo del territorio;Zonizzazione;Pianp Particolareggiato,Strumenti Urbanistici,Palermo,http://siciliahub.github.io/palermohub/ppe_qgis_cloud.html,Comune di Palermo,,@gbvitrano,2015-05-22,maggio - 2015,2015,Piano Particolareggiato Esecutivo del Centro Storico di Palermo – Qgis Cloud,https://goo.gl/zWHGF2
Mappatura al 2010 degli interventi nel Centro Storico di Palermo,Mappatura al 2010 degli interventi nel Centro Storico di Palermo,"<img src=""legend/clip_index/int_centro_storico.jpg"" class=""clip_tooltips""  />",,Palermo;Centro Storico;Edifici storici;Controllo Territorio;Monitoraggio,Strumenti Urbanistici,Palermo,http://siciliahub.github.io/palermohub/int_centro_storico.html,Il futuro del centro storico di Palermo di Maurizio Carta,,Maria Lucia Cannarozzo;Emilio Di Gristina;@gbvitrano,2015-05-08,maggio - 2015,2015,Atlante del Centro Storico - Palermo (2010),http://u.osmfr.org/m/67007/
Mappa monumentale di Palermo e dell'Agro Palermitano,"Stanco della mancanza di una mappa monumentale seria e completa ho deciso di costruirmela da solo, nella speranza che sia di gradimento. Marcello Petrucci","<img src=""legend/clip_index/mappa_monumentale_palermo.jpg"" class=""clip_tooltips""  />",,Cultura;Turismo;Palermo;Edifici storici,Cultura;Turismo,Palermo,http://siciliahub.github.io/palermohub/mappa_monumentale.html,Censimento dei momumenti a cura di Marcello Petrucci,,Marcello Petrucci,2015-01-01,gennaio - 2015,2015,"Mappa monumentale di Palermo e dell'Agro Palermitano, di Marcello Petrucci",https://www.google.com/maps/d/u/0/viewer?mid=1BbwKWTf0ssw__JFLvYJAoVrZVDw&ll=38.120462249124266%2C13.370318412780762&z=15
Ortofoto 14 centimetri -  Aree Urbane,"Le Ortofoto a risoluzione di 14 cm del SITR della Regione Siciliana - Aree Urbane - Palermo ,Enna, Messina, Ragusa, Trapani - <a href=""http://opendatasicilia.it/2014/12/24/lortofoto-di-natale-14-centimetri/"" title=""Post OpenDataSicilia.it"" target=""_blank""> L’ortofoto di Natale, a 14 centimetri</a>

","<img src=""legend/clip_index/ortofoto14cm.jpg"" class=""clip_tooltips"" />",,Ortofoto 14 centimetri;Palermo;Enna;Messina;Ragusa;Trapani;,Cartografia,Sicilia,http://siciliahub.github.io/palermohub/ortofoto14cm.html,Regione Sicilia,,@aborruso,2014-12-24,dicembre - 2014,2014,"<a href=""http://opendatasicilia.it/2014/12/24/lortofoto-di-natale-14-centimetri/"" title=""Post OpenDataSicilia.it"" target=""_blank""> L’ortofoto di Natale, a 14 centimetri</a>
",http://siciliahub.github.io/mappe/14centimetri/#7/37.514/14.040